Cód. Modular;Gestión;Nombre IE;Nivel;Distrito;Director(a);Últ. Acceso
1516962;Pública de gestión directa;11 DE MAYO;Inicial - Jardín;Cayma;MANRIQUE SOSA NOELIA NOEMI;2024-08-21 21:33:08
1717479;Pública de gestión directa;11 DE MAYO;Secundaria;Cayma;Sardon Rodriguez Jhon;2024-08-21 12:54:07
0612739;Pública de gestión directa;12 DE OCTUBRE;Inicial - Jardín;Cerro Colorado;VILLASANTE  TALAVERA SILVANA CECILIA ;2024-08-19 15:08:39
0794347;Pública de gestión directa;23 DE JUNIO;Inicial - Jardín;Sachaca;SANCHEZ  MARROQUIN LOURDES ESPERANZA;2024-08-21 19:44:13
0226423;Pública de gestión directa;40001 LUIS H. BOURONCLE;Primaria;Arequipa;Rodríguez Rodríguez Fredy Raúl;2024-08-19 11:20:03
1397454;Pública de gestión directa;40002 AL AIRE LIBRE;Inicial - Jardín;Arequipa;GORDILLO MANRIQUE MADELEINE;2024-08-21 18:43:39
0226431;Pública de gestión directa;40002 AL AIRE LIBRE;Primaria;Arequipa;GORDILLO MANRIQUE MADELEINE;2024-08-21 18:43:39
0226464;Pública de gestión directa;40005;Primaria;Uchumayo;Zea Torres Eloy;2024-08-20 07:24:22
1399286;Pública de gestión directa;40007 GILBERTO OCHOA GALDOS;Inicial - Jardín;Arequipa;PRADO SALGUERO SILVIA MARTHA;2024-08-21 20:59:07
0226480;Pública de gestión directa;40007 GILBERTO OCHOA GALDOS;Primaria;Arequipa;PRADO SALGUERO SILVIA MARTHA;2024-08-21 20:59:07
0226555;Pública de gestión directa;40015 VALLECITO;Primaria;Arequipa;PEREZ CAPA FLOR DE MARIA;2024-08-21 21:14:06
0226605;Pública de gestión directa;40020 ESCUELA ECOLOGICA URBANA;Primaria;Arequipa;ORDOÑEZ QUISPE LUIS;2024-08-14 22:08:30
1253145;Pública de gestión directa;40020 ESCUELA ECOLOGICA URBANA;Inicial - Jardín;Arequipa;ORDOÑEZ QUISPE LUIS;2024-08-14 22:08:30
0472209;Pública de gestión directa;40025 SANTA DOROTEA;Secundaria;Arequipa;ALVAREZ RIVERA JUAN CARLOS;2024-08-20 09:55:50
0226654;Pública de gestión directa;40025 SANTA DOROTEA;Primaria;Arequipa;ALVAREZ RIVERA JUAN CARLOS;2024-08-20 09:55:50
0226753;Pública de gestión directa;40035 V.A. BELAUNDE;Primaria;Cerro Colorado;Calla Vera, Néstor Delon;2024-08-21 14:49:09
0899336;Pública de gestión directa;40035 V.A. BELAUNDE;Secundaria;Cerro Colorado;Calla Vera, Néstor Delon;2024-08-21 14:49:09
0226787;Pública de gestión directa;40036;Primaria;Arequipa;No figura;-
0226795;Pública de gestión directa;40039 SANTA MARIA;Primaria;Yanahuara;INQUILLA BRAVO MARIA MAGDALENA;2024-08-14 16:04:28
0899211;Pública de gestión directa;40039 SANTA MARIA;Secundaria;Yanahuara;INQUILLA BRAVO MARIA MAGDALENA;2024-08-14 16:04:28
1279256;Pública de gestión directa;40040 JOSE TRINIDAD MORAN;Secundaria;Cayma;CONDORI CUTIPA NANCY BENITA;2024-08-21 10:26:53
0794248;Pública de gestión directa;40040 JOSE TRINIDAD MORAN;Primaria;Cayma;CONDORI CUTIPA NANCY BENITA;2024-08-21 10:26:53
0226829;Pública de gestión directa;40042 REPUBLICA DE FRANCIA;Primaria;Arequipa;ZEA  ALVAREZ ELIZABETH MARTA;2024-08-13 20:29:22
1636570;Pública de gestión directa;40042 REPUBLICA DE FRANCIA;Inicial - Jardín;Arequipa;ZEA  ALVAREZ ELIZABETH MARTA;2024-08-13 20:29:22
0656165;Pública de gestión directa;40044 SAN MARTIN DE PORRES;Primaria;Cerro Colorado;RIOS CUEVA ELSA FELICIA;2024-08-21 21:10:03
0226852;Pública de gestión directa;40045 LIVIA BERNAL DE BALTAZAR;Primaria;Cayma;Paredes Casapia Reynaldo;2024-08-21 12:48:10
0226860;Pública de gestión directa;40046 JOSE L.CORNEJO A.;Primaria;Cayma;VIVEROS FLORES MIGUEL DAMASO;2024-08-21 12:15:18
0749325;Pública de gestión directa;40046 JOSE L.CORNEJO A.;Secundaria;Cayma;VIVEROS FLORES MIGUEL DAMASO;2024-08-21 12:15:18
0226886;Pública de gestión directa;40048 ANTONIO JOSE DE SUCRE;Primaria;Yanahuara;HUANQUI GUERRA JESÚS SANDRO;2024-08-21 16:53:32
1261148;Pública de gestión directa;40048 ANTONIO JOSE DE SUCRE;Inicial - Jardín;Yanahuara;HUANQUI GUERRA JESÚS SANDRO;2024-08-21 16:53:32
0637249;Pública de gestión directa;40048 ANTONIO JOSE DE SUCRE;Secundaria;Yanahuara;HUANQUI GUERRA JESÚS SANDRO;2024-08-21 16:53:32
0226894;Pública de gestión directa;40049 CORONEL FRANCISCO BOLOGNESI CERVANTES;Primaria;Cayma;HILARI CASAS MOISES VIDAL;2024-08-19 20:31:14
1715994;Pública de gestión directa;40049 CORONEL FRANCISCO BOLOGNESI CERVANTES;Inicial - Jardín;Cayma;HILARI CASAS MOISES VIDAL;2024-08-19 20:31:14
1116300;Pública de gestión directa;40049 CORONEL FRANCISCO BOLOGNESI CERVANTES;Secundaria;Cayma;HILARI CASAS MOISES VIDAL;2024-08-19 20:31:14
1650506;Pública de gestión directa;40050 EL GRAN HEROE ANDRES AVELINO CACERES;Inicial - Jardín;Cayma;Condori Perez Antonia Pelagia;2024-08-21 19:42:41
0845164;Pública de gestión directa;40050 EL GRAN HEROE ANDRES AVELINO CACERES;Primaria;Cayma;Condori Perez Antonia Pelagia;2024-08-21 19:42:41
0226928;Pública de gestión directa;40052 EL PERUANO DEL MILENIO ALMIRANTE MIGUEL GRAU;Primaria;Cayma;Gutierrez Butron Jose Luis;2024-08-21 22:17:19
0899039;Pública de gestión directa;40052 EL PERUANO DEL MILENIO ALMIRANTE MIGUEL GRAU;Secundaria;Cayma;Gutierrez Butron Jose Luis;2024-08-21 22:17:19
1333897;Pública de gestión directa;40053 MANUEL A. TAPIA FUENTES;Inicial - Jardín;Cerro Colorado;VIDAL GARATE YOLANDA EDITH;2024-08-20 12:01:36
0226936;Pública de gestión directa;40053 MANUEL A.TAPIA FUENTES;Primaria;Cerro Colorado;VIDAL GARATE YOLANDA EDITH;2024-08-20 12:01:36
0309435;Pública de gestión directa;40054 J.DOMINGO ZAMACOLA Y JAUREGUI;Secundaria;Cerro Colorado;ZAMATA ZAPANA CESAR YOBANI;2024-08-21 22:45:36
0226944;Pública de gestión directa;40054 J.DOMINGO ZAMACOLA Y JAUREGUI;Primaria;Cerro Colorado;ZAMATA ZAPANA CESAR YOBANI;2024-08-21 22:45:36
0226951;Pública de gestión directa;40055 ROMEO LUNA VICTORIA;Primaria;Cerro Colorado;Correa  Vargas Víctor Lucio;2024-08-20 15:05:20
0589200;Pública de gestión directa;40055 ROMEO LUNA VICTORIA;Secundaria;Cerro Colorado;Correa  Vargas Víctor Lucio;2024-08-20 15:05:20
0845461;Pública de gestión directa;40056 HORACIO ZEBALLOS GAMEZ;Primaria;Cerro Colorado;CRUZ MAMANI RICARDO GUILLERMO;2024-08-20 10:05:36
0589234;Pública de gestión directa;40056 HORACIO ZEVALLOS GAMEZ;Secundaria;Cerro Colorado;CRUZ MAMANI RICARDO GUILLERMO;2024-08-20 10:05:36
0226977;Pública de gestión directa;40057 SANTISIMA VIRGEN DEL ROSARIO;Primaria;Cerro Colorado;CHAVEZ LINARES VERÓNICA YESENIA;2024-08-16 15:30:03
0749358;Pública de gestión directa;40058 IGNACIO ALVAREZ THOMAS;Secundaria;Cerro Colorado;CALCINA MAMANI RAUL GILBERTO;2024-08-21 19:10:31
0218651;Pública de gestión directa;40059 ALEJANDRO SANCHEZ ARTEAGA;Primaria;Cerro Colorado;TORRES LOAYZA JORGE LUIS;2024-08-21 16:09:03
0517367;Pública de gestión directa;40061 ESTADO DE SUECIA;Primaria;Cerro Colorado;Arredondo Rodriguez Maruja Nicolasa;2024-08-21 22:48:07
0899393;Pública de gestión directa;40061 ESTADO DE SUECIA;Secundaria;Cerro Colorado;Arredondo Rodriguez Maruja Nicolasa;2024-08-21 22:48:07
0218800;Pública de gestión directa;40074 JOSE L. BUSTAMANTE Y RIVERO;Primaria;Sachaca;ABARCA TALAVERA. WILLIAM ALBERTO;2024-08-21 17:04:19
0498881;Pública de gestión directa;40074 JOSE L.BUSTAMANTE Y RIVERO;Secundaria;Sachaca;ABARCA TALAVERA. WILLIAM ALBERTO;2024-08-21 17:04:19
0498782;Pública de gestión directa;40075 HORACIO MORALES DELGADO;Secundaria;Sachaca;SUEROS RAMOS JUAN MANUEL;2024-08-21 11:38:24
0218818;Pública de gestión directa;40075 HORACIO MORALES DELGADO;Primaria;Sachaca;SUEROS RAMOS JUAN MANUEL;2024-08-21 11:38:24
0218826;Pública de gestión directa;40077;Primaria;Tiabaya;PAUCAR ARESTEGUI MARIA BERTZABETH;2024-08-21 06:31:17
0218834;Pública de gestión directa;40078 SAGRADO CORAZON DE JESUS DE SACHACA;Primaria;Sachaca;Barrios Valer Carlos Enrique;2024-08-19 11:09:57
0218842;Pública de gestión directa;40079 VICTOR NUÑEZ VALENCIA;Primaria;Sachaca;Cruz Huertas Marcos Ricardo;2024-08-21 09:08:28
0899120;Pública de gestión directa;40079 VICTOR NUÑEZ VALENCIA;Secundaria;Sachaca;Cruz Huertas Marcos Ricardo;2024-08-21 09:08:28
0218875;Pública de gestión directa;40081 MIGUEL CESAR AUGUSTO MAZEYRA ACOSTA;Primaria;Cayma;CUEVA ESPINEL PASTORA MIRIAM;2024-08-21 22:23:39
0218883;Pública de gestión directa;40082 MARIANO J. VALDIVIA;Primaria;Tiabaya;ROJAS CAJCHAYA WILLIAM FIDEL;2024-08-21 22:05:31
1716000;Pública de gestión directa;40082 MARIANO J. VALDIVIA;Inicial - Jardín;Tiabaya;ROJAS CAJCHAYA WILLIAM FIDEL;2024-08-21 22:05:31
0218891;Pública de gestión directa;40083 FRANKLIN ROOSEVELT;Primaria;Tiabaya;Chacca Aguirre Marisol ;2024-08-20 23:23:44
0899187;Pública de gestión directa;40083 FRANKLIN ROOSEVELT;Secundaria;Tiabaya;Chacca Aguirre Marisol ;2024-08-20 23:23:44
0218925;Pública de gestión directa;40086;Primaria;Tiabaya;PUMA VALDIVIA PATRICIA NATALIA;2024-08-20 22:31:27
1716018;Pública de gestión directa;40086;Inicial - Jardín;Tiabaya;PUMA VALDIVIA PATRICIA NATALIA;2024-08-20 22:31:27
0218933;Pública de gestión directa;40087 JESUS MANUEL LOAYZA DEZA;Primaria;Sachaca;Huillca Díaz Graciela ;2024-08-21 22:44:48
1333889;Pública de gestión directa;40087 JESUS MANUEL LOAYZA DEZA;Inicial - Jardín;Tiabaya;Huillca Díaz Graciela ;2024-08-21 22:44:48
0218941;Pública de gestión directa;40088 REYNO DE BELGICA;Primaria;Uchumayo;CAMA MAMANI EDGAR;2024-08-21 20:45:15
0619361;Pública de gestión directa;40088 REYNO DE BELGICA;Secundaria;Uchumayo;CAMA MAMANI EDGAR;2024-08-21 20:45:15
0218974;Pública de gestión directa;40091 ALMA MATER DE CONGATA;Primaria;Uchumayo;QUISPE MAMANI ANGELICA MARIA;2024-08-21 19:04:17
1583137;Pública de gestión directa;40091 ALMA MATER DE CONGATA;Secundaria;Uchumayo;QUISPE MAMANI ANGELICA MARIA;2024-08-21 19:04:17
0218982;Pública de gestión directa;40092 JOSE D. ZUZUNAGA OBANDO;Primaria;Uchumayo;ACO COAGUILA MIRIAN TERESA;2024-08-21 22:32:12
0579730;Pública de gestión directa;40092 JOSE D.ZUZUNAGA OBANDO;Secundaria;Uchumayo;ACO COAGUILA MIRIAN TERESA;2024-08-21 22:32:12
0219055;Pública de gestión directa;40098;Primaria;Yanahuara;APAZA ROJAS MANUEL ROGER;2024-08-18 13:09:59
0219048;Pública de gestión directa;40099;Primaria;Yanahuara;OVIEDO MARROQUIN MARTIN FABIAN;2024-08-13 15:40:39
0219071;Pública de gestión directa;40100 LA CALERA;Primaria;Yura;MOLINA DELGADO ROCIO GILVA;2024-08-20 20:15:46
0219089;Pública de gestión directa;40101 DIVINO JESUS;Primaria;Yura;HERRERA PUMA MARTHA ROCIO;2024-08-21 21:16:44
1769603;Pública de gestión directa;40101 DIVINO JESUS;Secundaria;Yura;HERRERA PUMA MARTHA ROCIO;2024-08-21 21:16:44
1031418;Pública de gestión directa;40101 DIVINO JESUS;Inicial - Jardín;Yura;HERRERA PUMA MARTHA ROCIO;2024-08-21 21:16:44
0219097;Pública de gestión directa;40102 NUESTRA SEÑORA DEL CARMEN PATRONA DE YURA;Primaria;Yura;Palacios  Pinto Carlos Esteban;2024-08-20 19:55:38
0219105;Pública de gestión directa;40103 LIBERTADORES DE AMERICA;Primaria;Cerro Colorado;APAZA LA ROSA JOSE;2024-08-21 18:26:43
0655746;Pública de gestión directa;40103 LIBERTADORES DE AMERICA;Secundaria;Cerro Colorado;APAZA LA ROSA JOSE;2024-08-21 18:26:43
0589085;Pública de gestión directa;40106 JUAN SANTOS ATAHUALPA;Primaria;Cerro Colorado;FUENTES GUTIERREZ JUAN EGINARDO;2024-08-21 14:04:16
1629542;Pública de gestión directa;40106 JUAN SANTOS ATAHUALPA;Secundaria;Cerro Colorado;FUENTES GUTIERREZ JUAN EGINARDO;2024-08-21 14:04:16
0588962;Pública de gestión directa;40120;Primaria;YURA;HUARAYA SULLCA RAMÓN EMETERIO;2024-08-20 21:03:57
0612887;Pública de gestión directa;40141;Primaria;Cerro Colorado;OBLITAS  SANCHEZ IVAN NICOLAS;2024-08-08 10:57:45
0219501;Pública de gestión directa;40143;Primaria;Arequipa;PAYEHUANCA CHOQUE HUBERT ROLANDO;2024-08-21 13:26:53
0219766;Pública de gestión directa;40169 SAN ISIDRO LABRADOR DE PUCCRO;Primaria;Huanca;NOA CORNEJO RIQUELME;2024-08-17 21:55:35
0612853;Pública de gestión directa;40173 DIVINO NIÑO JESUS;Primaria;Cerro Colorado;ROJAS VILLAFUERTE, RICARDO ADOLFO;2024-08-21 15:05:20
1385145;Pública de gestión directa;40173 DIVINO NIÑO JESUS;Inicial - Jardín;Cerro Colorado;ROJAS VILLAFUERTE, RICARDO ADOLFO;2024-08-21 15:05:20
1260942;Pública de gestión directa;40202 CHARLOTTE;Secundaria;Yura;SILVA SALAZAR BRADY RUBEN;2024-08-21 20:52:03
1333145;Pública de gestión directa;40202 CHARLOTTE;Inicial - Jardín;Yura;SILVA SALAZAR BRADY RUBEN;2024-08-21 20:52:03
0655779;Pública de gestión directa;40202 CHARLOTTE;Primaria;Yura;SILVA SALAZAR BRADY RUBEN;2024-08-21 20:52:03
0312652;Pública de gestión directa;40384 SONCCOY QUILLA;Primaria;Huanca;TEVES ZAPANA GERMAN RUSVEL;2024-08-19 23:32:30
0477729;Pública de gestión directa;40388 CORAZON SAGRADO DE JESUS DE LLUTA;Inicial - Jardín;Lluta;ARELA MARÍN CLAUDIO PERCY ;2024-08-21 11:58:17
0498972;Pública de gestión directa;40388 CORAZON SAGRADO DE JESUS DE LLUTA;Secundaria;Lluta;ARELA MARÍN CLAUDIO PERCY ;2024-08-21 11:58:17
0312686;Pública de gestión directa;40388 CORAZON SAGRADO DE JESUS DE LLUTA;Primaria;Lluta;ARELA MARÍN CLAUDIO PERCY ;2024-08-21 11:58:17
0312694;Pública de gestión directa;40389 MIGUEL LINARES MALAGA;Primaria;Lluta;Ccanccapa Pérez Nelson;2024-08-20 10:17:16
1351626;Pública de gestión directa;40389 MIGUEL LINARES MALAGA;Inicial - Jardín;Lluta;Ccanccapa Pérez Nelson;2024-08-20 10:17:16
0796920;Pública de gestión directa;40389 MIGUEL LINARES MALAGA;Secundaria;Lluta;Ccanccapa Pérez Nelson;2024-08-20 10:17:16
1365147;Pública de gestión directa;40408 SAN BASILIO MAGNO;Inicial - Jardín;Huanca;Alvarez  Gutierrez Victoria Angelica;2024-08-17 22:01:12
0312884;Pública de gestión directa;40408 SAN BASILIO MAGNO;Primaria;Huanca;Alvarez  Gutierrez Victoria Angelica;2024-08-17 22:01:12
0312918;Pública de gestión directa;40411 SAN JUAN DE DIOS DE MURCO;Primaria;Huanca;CACERES CCAPATINTA PATRICIA JESSICA;2024-08-05 12:31:22
0312926;Pública de gestión directa;40412 ARQUITECTO FERNANDO BELAUNDE TERRY;Primaria;Lluta;LOAYZA YUCRA ROSARIO LOURDES;2024-08-19 04:27:26
0656157;Pública de gestión directa;40591 SAN FRANCISCO DE CCASAO;Primaria;Lluta;LOPEZ CUPER LIZBETH IVON;2024-08-21 19:39:38
0678755;Pública de gestión directa;40606 SEUL;Primaria;Cayma;RODRIGUEZ PARI EDDY;2024-08-21 21:58:57
1272731;Pública de gestión directa;40616 CASIMIRO CUADROS I;Inicial - Jardín;Cayma;BERNEDO ESCOBEDO RENE MANUEL;2024-08-21 12:21:41
0723270;Pública de gestión directa;40616 CASIMIRO CUADROS I;Primaria;Cayma;BERNEDO ESCOBEDO RENE MANUEL;2024-08-21 12:21:41
0899062;Pública de gestión directa;40616 CASIMIRO CUADROS I;Secundaria;Cayma;BERNEDO ESCOBEDO RENE MANUEL;2024-08-21 12:21:41
1650514;Pública de gestión directa;40618 MONSEÑOR JOSE DE PIRO D AMICO INGUANEZ;Inicial - Jardín;Cayma;CAJCHAYA APAZA GUIDO RUBEN;2024-08-21 15:03:38
0723288;Pública de gestión directa;40618 MONSEÑOR JOSE DE PIRO DAMICO INGUANEZ;Primaria;Cayma;CAJCHAYA APAZA GUIDO RUBEN;2024-08-21 15:03:38
1650498;Pública de gestión directa;40654;Inicial - Jardín;Cayma;JAVIER CALCINA MARY LUZ;2024-08-21 15:00:03
0898486;Pública de gestión directa;40654;Primaria;Cayma;JAVIER CALCINA MARY LUZ;2024-08-21 15:00:03
0898544;Pública de gestión directa;40660 DOMINIC WILLIAMS;Primaria;Sachaca;PINAZO MONTESINOS GLADIS MARISOL;2024-08-20 02:23:07
0897850;Pública de gestión directa;40663;Primaria;Lluta;QUISPE FLORES JHONNY;2024-08-20 20:51:34
1272772;Pública de gestión directa;40669 DEAN VALDIVIA;Inicial - Jardín;Cayma;TURPO MACHACA ELIZABETH BERLIN;2024-08-20 13:15:10
1272897;Pública de gestión directa;40669 DEAN VALDIVIA;Secundaria;Cayma;TURPO MACHACA ELIZABETH BERLIN;2024-08-20 13:15:10
1031004;Pública de gestión directa;40669 DEAN VALDIVIA;Primaria;Cayma;TURPO MACHACA ELIZABETH BERLIN;2024-08-20 13:15:10
1116813;Pública de gestión directa;40671 VILLA SAN JUAN;Primaria;Cerro Colorado;QUISPE MAMANI GERMÁN BENIGNO;2024-08-21 22:32:39
1117134;Pública de gestión directa;40672 DOREEN CABRERA DE WILLIANS;Primaria;Sachaca;CASTRO LAUCATA CLAUDIA;2024-08-21 20:53:33
1118132;Pública de gestión directa;40677 SAN MIGUEL FEBRES CORDERO;Primaria;Cerro Colorado;PERCY LUIS AÑAZCO TITO;2024-08-21 17:40:16
1395367;Pública de gestión directa;40677 SAN MIGUEL FEBRES CORDERO;Secundaria;Cerro Colorado;PERCY LUIS AÑAZCO TITO;2024-08-21 17:40:16
1240233;Pública de gestión directa;40687 FELIX RIVAS GONZALEZ;Inicial - Jardín;Cayma;VIZA RODRÍGUEZ CLAUDIA YNES;2024-08-21 20:59:41
1240241;Pública de gestión directa;40687 FELIX RIVAS GONZALEZ;Primaria;Cayma;VIZA RODRÍGUEZ CLAUDIA YNES;2024-08-21 20:59:41
1253186;Pública de gestión directa;40688 JESUCRISTO EL SALVADOR;Primaria;Cerro Colorado;PANIBRA QUISPE HERMELINDA AGUSTINA;2024-08-19 12:49:47
1562818;Pública de gestión directa;40688 JESUCRISTO EL SALVADOR;Inicial - Jardín;Cerro Colorado;PANIBRA QUISPE HERMELINDA AGUSTINA;2024-08-19 12:49:47
1253228;Pública de gestión directa;40689 ALFREDO RODRIGUEZ BALLON;Primaria;Cerro Colorado;AQUINO CHOQUE MIGUEL ANGEL;2024-08-21 18:31:22
1562826;Pública de gestión directa;40689 ALFREDO RODRIGUEZ BALLON;Inicial - Jardín;Cerro Colorado;AQUINO CHOQUE MIGUEL ANGEL;2024-08-21 18:31:22
1278936;Pública de gestión directa;40705 PERUARBO;Inicial - Jardín;Cerro Colorado;MANRIQUE DIAZ ALFREDO MANUEL;2024-08-21 21:22:43
1647130;Pública de gestión directa;40705 PERUARBO;Secundaria;Cerro Colorado;MANRIQUE DIAZ ALFREDO MANUEL;2024-08-21 21:22:43
1278977;Pública de gestión directa;40705 PERUARBO;Primaria;Cerro Colorado;MANRIQUE DIAZ ALFREDO MANUEL;2024-08-21 21:22:43
0287482;Pública de gestión directa;41003 ALMIRANTE MIGUEL GRAU;Primaria;Arequipa;QUISPE TITO JACKELINE VIRGINIA;2024-08-07 23:49:11
1399294;Pública de gestión directa;41003 ALMIRANTE MIGUEL GRAU;Inicial - Jardín;Arequipa;QUISPE TITO JACKELINE VIRGINIA;2024-08-07 23:49:11
0287490;Pública de gestión directa;41005 HEROES DE ANGAMOS;Primaria;Arequipa;SOLIS LABAN FRANCISCO FELIPE;2024-08-20 12:52:42
0570044;Pública de gestión directa;41008 MANUEL MUÑOZ NAJAR;Secundaria;Arequipa;QUISOCALA TORRES ARTURO;2024-08-21 21:22:27
0287524;Pública de gestión directa;41008 MANUEL MUÑOZ NAJAR;Primaria;Arequipa;QUISOCALA TORRES ARTURO;2024-08-21 21:22:27
0287573;Pública de gestión directa;41014 FORTUNATA GUTIERREZ DE BERNED;Primaria;Arequipa;FARFAN CONCHA EBERT   MAXIMILIANO;2024-08-17 16:14:09
1574615;Pública de gestión directa;41014 FORTUNATA GUTIERREZ DE BERNEDO;Inicial - Jardín;Arequipa;FARFAN CONCHA EBERT   MAXIMILIANO;2024-08-17 16:14:09
0287623;Pública de gestión directa;41019 REPUBLICA DE VENEZUELA;Primaria;Arequipa;CARRAZCO CASTRO BERARDO JESUS;2024-08-21 16:45:06
0845198;Pública de gestión directa;41024 MANUEL GALLEGOS SANZ;Primaria;Cayma;NÚÑEZ TIÑA IGNACIO REYNALDO;2024-08-20 13:51:16
0287656;Pública de gestión directa;41025 200 MILLAS PERUANAS;Primaria;Cerro Colorado;SUÁREZ VILLEGAS YOVANKA ROSMARY;2024-08-21 18:03:17
0287664;Pública de gestión directa;41026 MARIA MURILLO DE BERNAL;Primaria;Cerro Colorado;Alarcon Barrionuevo Johnny Richard;2024-08-19 08:18:16
0899112;Pública de gestión directa;41026 MARIA MURILLO DE BERNAL;Secundaria;Cerro Colorado;Alarcon Barrionuevo Johnny Richard;2024-08-19 08:18:16
1674316;Pública de gestión directa;ALELUYA;Inicial - Jardín;Cerro Colorado;GALARZA NINA DANIELA ROSA ;2024-08-20 23:12:05
1717487;Pública de gestión directa;ALTIPLANO;Secundaria;Yura;Coricaza Cárdenas Rossemary;2024-08-20 08:13:00
0617357;Pública de gestión directa;ALTO DE AMADOS;Inicial - Jardín;Sachaca;ZEGARRA GUZMAN MONICA KATTIA;2024-08-19 20:14:51
0612820;Pública de gestión directa;ALTO VICTORIA;Inicial - Jardín;Cerro Colorado;GAONA HERNÁNDEZ GUISELA LOURDES;2024-08-21 16:01:40
1117092;Pública de gestión directa;ALVAREZ THOMAS;Inicial - Jardín;Uchumayo;SISA CONDORI YDALIA JENNY;2024-08-19 14:28:19
1741669;Pública de gestión directa;ANGEL DE JESUS;Inicial - Jardín;Cerro Colorado;ROBLES RAMOS GRACIELA DEL ROCIO;2024-08-20 15:49:41
1705607;Pública de gestión directa;APIPA SECTOR III;Inicial - Jardín;Cerro Colorado;CONDORI MOLLOSIHUE ELIANA VICTORIA;2024-08-21 13:58:33
1717461;Pública de gestión directa;APIPA SECTOR III;Secundaria;Cerro Colorado;Chalco Herrera Sandro James;2024-08-14 21:37:53
1764315;Pública de gestión directa;APIPA SECTOR III;Primaria;Cerro Colorado;Chalco Herrera Sandro James;2024-08-14 21:37:53
1705680;Pública de gestión directa;APIPA SECTOR XII-A;Inicial - Jardín;Cerro Colorado;LEÓN RIVAS DINA JACKELINE;2024-08-21 21:04:54
1119718;Pública de gestión directa;AREQUIPA;Primaria;Arequipa;ROQUE CARCASI ELOY VALERIANO;2024-08-21 20:06:36
0309641;Pública de gestión directa;AREQUIPA;Secundaria;Arequipa;ROQUE CARCASI ELOY VALERIANO;2024-08-21 20:06:36
1567619;Pública de gestión directa;ASOCIACION URBANIZADORA J.L BUSTAMANTE - SECTOR IV, MZ B - SUP 11;Inicial - Jardín;Cerro Colorado;MEDINA QUISPE ROSARIO DE FATIMA;2024-08-14 19:38:25
1705581;Pública de gestión directa;BOSQUES DE GHETZEMANI;Inicial - Jardín;Cerro Colorado;NOA -   JUANA JUSTINA;2024-08-21 20:23:42
0896431;Pública de gestión directa;BUENOS AIRES;Inicial - Jardín;Cayma;RODRIGUEZ GONZALEZ DIANA IRIS;2024-08-21 21:44:28
1271451;Pública de gestión directa;CAMINITOS DE JESUS;Inicial - Jardín;Yura;CARI LUQUE NORMA IRENE;2024-08-21 22:19:42
1692763;Pública de gestión directa;CAP FAP JOSE ABELARDO QUIÑONES GONZALES;Técnico Productiva;Cerro Colorado;QUIÑONES CONTRERAS DANTE MELESIO;2024-07-31 22:02:56
1647155;Pública de gestión directa;CARICIAS DE AMOR;Inicial - Jardín;Cerro Colorado;Chavez Pinto Yenny Marisol;2024-08-21 21:50:58
0218917;Pública de gestión directa;CARLOS JOSE ECHAVARRY OSACAR;Primaria;Tiabaya;HINOJOZA TALAVERA SANDRA ESTHER;2024-08-20 11:49:50
0750083;Pública de gestión directa;CARLOS JOSE ECHAVARRY OSACAR;Secundaria;Tiabaya;HINOJOZA TALAVERA SANDRA ESTHER;2024-08-20 11:49:50
0500736;Pública de gestión directa;CARLOS LA FUENTE LARRAURI;Secundaria;Huanca;SARMIENTO ROMERO CESAR AUGUSTO;2024-08-21 19:09:52
1741677;Pública de gestión directa;CARRUSEL DE NIÑOS;Inicial - Jardín;Cayma;CORNEJO MORALES YENY ANASTACIA;2024-08-21 18:36:04
0723262;Pública de gestión directa;CASIMIRO CUADROS I;Inicial - Jardín;Cayma;VALVERDE ORDOÑEZ YEMIRA CLELIA;2024-08-18 20:30:18
0896464;Pública de gestión directa;CASIMIRO CUADROS II;Inicial - Jardín;Cayma;COTACALLAPA CHIRI LOURDES VIRGINIA;2024-08-21 22:38:53
0225680;Pública de gestión directa;CAYMA;Inicial - Jardín;Cayma;CORNEJO ARREDONDO MARGOT;2024-08-21 18:05:16
0526855;Pública de gestión directa;CEBA - 40049;Básica Alternativa - Inicial e Intermedio;Cayma;Ali Huisacayna Walter Leopoldo;2024-08-14 21:14:07
0490565;Pública de gestión directa;CEBA - 40054 J.DOMINGO ZAMACOLA Y JAUREGUI;Básica Alternativa - Inicial e Intermedio;Cerro Colorado;PAREDES MANCHEGO LUIS ANÍBAL;2024-08-21 21:16:38
0589291;Pública de gestión directa;CEBA - 40054 J.DOMINGO ZAMACOLA Y JAUREGUI;Básica Alternativa - Avanzado;Cerro Colorado;PAREDES MANCHEGO LUIS ANÍBAL;2024-08-21 21:16:38
0641647;Pública de gestión directa;CEBA - 40055 ROMEO LUNA VICTORIA;Básica Alternativa - Avanzado;Cerro Colorado;HILARI CASAS HERNAN;2024-08-21 08:42:58
0641670;Pública de gestión directa;CEBA - 40055 ROMEO LUNA VICTORIA;Básica Alternativa - Inicial e Intermedio;Cerro Colorado;HILARI CASAS HERNAN;2024-08-21 08:42:58
1729045;Pública de gestión directa;CEBA - 40056 HORACIO ZEVALLOS GAMEZ;Básica Alternativa - Inicial e Intermedio;Cerro Colorado;SOTOMAYOR LUCAÑA JOSE LUIS RINGO;2024-08-16 12:59:50
0749317;Pública de gestión directa;CEBA - 40081 CESAR AUGUSTO MAZEIRA ACOSTA;Básica Alternativa - Inicial e Intermedio;Cayma;MARTICORENA ARIAS JOHN GERÓNIMO;2024-08-20 21:56:09
0749309;Pública de gestión directa;CEBA - 40618;Básica Alternativa - Inicial e Intermedio;Cayma;Tejada Lazo Lourdes Gemma;2024-08-21 17:10:06
0310409;Pública de gestión directa;CEBA - HONORIO DELGADO ESPINOZA;Básica Alternativa - Avanzado;Cayma;Quispe Cutipe Juan Francisco;2024-08-19 11:07:50
0529149;Pública de gestión directa;CEBA - INDEPENDENCIA AMERICANA;Básica Alternativa - Avanzado;Arequipa;PORTILLA  VALDIVIA LUIS FERNANDO;2024-08-21 10:04:12
0308130;Pública de gestión directa;CEBA - MAYTA CAPAC;Básica Alternativa - Inicial e Intermedio;Cayma;Chipana  Quispe Wenceslao Jose Martin;2024-08-21 22:27:52
0644971;Pública de gestión directa;CEBA - MAYTA CAPAC;Básica Alternativa - Avanzado;Cayma;Chipana  Quispe Wenceslao Jose Martin;2024-08-21 22:27:52
1120047;Pública de gestión directa;CEBA - MICAELA BASTIDAS;Básica Alternativa - Inicial e Intermedio;Arequipa;FERIA ESPINOZA NORBERTO;2024-08-21 22:41:56
0310391;Pública de gestión directa;CEBA - MICAELA BASTIDAS;Básica Alternativa - Avanzado;Arequipa;FERIA ESPINOZA NORBERTO;2024-08-21 22:41:56
0517466;Pública de gestión directa;CEBA - PEDRO PAULET MOSTAJO;Básica Alternativa - Inicial e Intermedio;Tiabaya;Pari Pari Juan Pepe;2024-08-21 22:24:37
0636605;Pública de gestión directa;CEBA - PEDRO PAULET MOSTAJO;Básica Alternativa - Avanzado;Tiabaya;Pari Pari Juan Pepe;2024-08-21 22:24:37
1666254;Pública de gestión directa;CEBA - POLIVALENTE;Básica Alternativa - Avanzado;Arequipa;FERNANDEZ RODRIGUEZ FREDY HENRY;2024-08-21 22:45:34
1361153;Pública de gestión directa;CEBA - PRONOE ESTUDIOS INDEPENDIENTES;Básica Alternativa - Avanzado;Arequipa;HUAHUACHAMPI MESCCO MARIO;2024-08-21 22:40:34
1333251;Pública de gestión directa;CERCIA;Básica Especial - Primaria;Yanahuara;No figura;-
0617332;Pública de gestión directa;CERRO VERDE;Inicial - Jardín;Uchumayo;CARNERO  LAZO SANDRA MABEL;2024-08-19 09:46:15
0694869;Pública de gestión directa;CHIRIGUANA;Inicial - Jardín;Sachaca;RIVERA GOMEZ CARMEN JULIA;2024-08-21 20:17:04
0749341;Pública de gestión directa;CIUDAD DE DIOS KM 16;Inicial - Jardín;Yura;RANILLA PEREZ EVA LUZ;2024-08-21 21:32:46
1705532;Pública de gestión directa;CIUDAD DE LOS PIONEROS;Inicial - Jardín;Cayma;SANTOS PUENTE DE LA VEGA LEONOR;2024-08-08 00:01:13
0697375;Pública de gestión directa;CIUDAD MUNICIPAL;Inicial - Jardín;Cerro Colorado;CUTIPA GONZALES ELIZABETH;2024-08-21 16:32:31
0898510;Pública de gestión directa;CIUDAD MUNICIPAL;Técnico Productiva;Cerro Colorado;Arroyo Rivera Elizabeth Sheila;2024-06-04 18:28:32
1759125;Pública de gestión directa;CIUDAD MUNICIPAL - ZONA 9;Inicial - Jardín;Cerro Colorado;VARGAS MEDINA CLARA MARIA;2024-08-21 22:45:04
1673094;Pública de gestión directa;COMPLEJO HABITACIONAL DEAN BALDIVIA SECTOR 12;Primaria;Cayma;CALLE MINAYA EUDOSIA TOMASA;2024-08-21 06:08:40
1567627;Pública de gestión directa;COMPLEJO HABITACIONAL DEAN BALDIVIA SECTOR 12;Inicial - Jardín;Cayma;CALLE MINAYA EUDOSIA TOMASA;2024-08-21 06:08:40
0617324;Pública de gestión directa;CONGATA;Inicial - Jardín;Uchumayo;ALEMÁN DELGADO MARISOL CARMEN;2024-08-20 13:28:53
1799584;Pública de gestión directa;CREBE UGEL AREQUIPA NORTE;Básica Especial;Arequipa;Fernández  Sánchez Mary Isabel ;2024-08-05 14:15:09
0899369;Pública de gestión directa;CRISTO MORADO;Secundaria;Cerro Colorado;CALA GONZALES JUAN DE LA CRUZ;2024-08-21 14:43:37
0310706;Pública de gestión directa;DEAN VALDIVIA;Técnico Productiva;Cayma;ESPETTIA GUEVARA ELIZABETH;2024-08-02 11:43:54
1647148;Pública de gestión directa;DIVINO NIÑO;Inicial - Jardín;Sachaca;SERRANO ABARCA MAGNOLIA ROSARIO;2024-08-20 21:12:29
1755867;Pública de gestión directa;DIVINO NIÑO ALTO LIBERTAD;Primaria;Cerro Colorado;MERCADO VALDIVIA MATILDE ORIETTA;2024-08-21 22:35:20
1755859;Pública de gestión directa;DIVINO NIÑO ALTO LIBERTAD;Inicial - Jardín;Cerro Colorado;MERCADO VALDIVIA MATILDE ORIETTA;2024-08-21 22:35:20
1705615;Pública de gestión directa;DON FRANCISCO;Inicial - Jardín;Cerro Colorado;CALDERON OLANDA MIRIAN LUDGARDA;2024-08-21 21:40:29
1741685;Pública de gestión directa;DULCE AMOR;Inicial - Jardín;Cayma;Basurco Guevara Maria Elena;2024-08-21 21:53:16
1705805;Pública de gestión directa;DULCE ESPERANZA;Inicial - Jardín;Cerro Colorado;JOVE QUISPE LUZ MARINA;2024-08-21 17:51:05
1741628;Pública de gestión directa;DULCES BROTECITOS;Inicial - Jardín;Uchumayo;CASTRO CAVIDES JESUS ELIZABET;2024-08-21 22:28:38
1541531;Pública de gestión directa;EL ALTIPLANO;Primaria;Yura;MAMANI QUISPE JUAN CRISTOBAL;2024-08-21 20:48:20
1385137;Pública de gestión directa;EL ALTIPLANO;Inicial - Jardín;Yura;MAMANI QUISPE JUAN CRISTOBAL;2024-08-21 20:48:20
1647163;Pública de gestión directa;ESPERANZA DIVINA;Inicial - Jardín;Cerro Colorado;FRANCO ZAVALA ANITA CLOTILDE;2024-08-21 07:38:50
1705672;Pública de gestión directa;ESTACION UCHUMAYO;Inicial - Jardín;Uchumayo;MANRIQUE  TITO JOELIA MARJORIE;2024-08-21 19:51:43
0896084;Pública de gestión directa;ESTACION YURA;Inicial - Jardín;Yura;Lòpez Salazar Zoraida Filomena;2024-08-19 22:46:33
1674290;Pública de gestión directa;ESTRELLITAS;Inicial - Jardín;Cerro Colorado;ROCHA ZAMBRANO PATRICIA FRIDA;2024-08-19 21:13:51
1763697;Pública de gestión directa;ESTRELLITAS DE AMOR;Primaria;YURA;QUISPE HUAMANI ANA MARIA ;2024-08-21 18:33:09
1705771;Pública de gestión directa;ESTRELLITAS DE AMOR;Inicial - Jardín;Yura;QUISPE HUAMANI ANA MARIA ;2024-08-21 18:33:09
1674282;Pública de gestión directa;ESTRELLITAS DE CHACHANI;Inicial - Jardín;Cerro Colorado;EDITH ROCIO TITO GUERRA;2024-08-14 17:33:51
1567601;Pública de gestión directa;ESTRELLITAS DE JESUS;Inicial - Jardín;Cerro Colorado;LOPEZ  NEGRON BETSABE GLORIA;2024-08-21 20:47:20
0225714;Pública de gestión directa;FRANCISCO BOLOGNESI;Inicial - Jardín;Cayma;Lizárraga Medina Emma Eliana;2024-08-21 19:30:57
1334333;Pública de gestión directa;FRANCISCO GARCIA CALDERON;Inicial - Jardín;Cerro Colorado;OLAZABAL PERALTILLA SILVIA DORA;2024-08-07 20:23:55
0309500;Pública de gestión directa;FRANCISCO MOSTAJO;Secundaria;Tiabaya;MALAGA DIAZ JULIANA TANIA;2024-08-21 19:58:41
0562223;Pública de gestión directa;GODOFREDO DIAZ MANRIQUE;Inicial - Jardín;Yanahuara;GONZALES MENA SILVANA FLOR;2024-08-12 17:15:56
1741651;Pública de gestión directa;GORRIONES;Inicial - Jardín;Cerro Colorado;FERIA ESPINOZA;2024-08-21 21:45:24
1647205;Pública de gestión directa;GOTITAS DE ESPERANZA;Inicial - Jardín;Cerro Colorado;FLOREZ VALENZA GIOVANNA ;2024-08-20 22:43:49
0612945;Pública de gestión directa;GRAN PACHACUTEC;Secundaria;Cerro Colorado;VÁSQUEZ MEZA, CÉSAR MARTÍN;2024-08-21 14:56:33
1615558;Pública de gestión directa;GUILLERMO TORREBLANCA;Inicial - Jardín;Yanahuara;ANAYA MUÑOZ GIULIANA GIANNINA;2024-08-21 18:55:22
0309260;Pública de gestión directa;HONORIO DELGADO ESPINOZA;Secundaria;Cayma;SALAMANCA CASTRO JAVIER EMILIO;2024-08-21 13:28:07
0893065;Pública de gestión directa;HONORIO DELGADO ESPINOZA;Inicial - Cuna Jardín;Arequipa;BORDA CASTILLO CARLA NIEVES ;2024-08-21 16:14:25
0477711;Pública de gestión directa;HUANCA;Inicial - Jardín;Huanca;LLACMA PUMA ELIZABETH MEDALY;2024-08-21 22:43:39
0225268;Pública de gestión directa;HUARANGUILLO;Inicial - Jardín;Sachaca;ORÉ LIZANO VIOLETA TATIANA;2024-08-20 21:09:58
3946996;Pública de gestión directa;IE PRONOEI;Inicial No Esconlarizado;Arequipa;No figura;-
3964296;Pública de gestión directa;IE PRONOEI;Inicial No Esconlarizado;Arequipa;No figura;-
3966051;Pública de gestión directa;IE PRONOEI;Inicial No Esconlarizado;Arequipa;No figura;-
3968353;Pública de gestión directa;IE PRONOEI;Inicial No Esconlarizado;Arequipa;No figura;-
3912495;Pública de gestión directa;IE PRONOEI;Inicial No Esconlarizado;Arequipa;No figura;-
3966048;Pública de gestión directa;IE PRONOEI;Inicial No Esconlarizado;Arequipa;No figura;-
3978233;Pública de gestión directa;IE PRONOEI;Inicial No Esconlarizado;Arequipa;No figura;-
0309229;Pública de gestión directa;INDEPENDENCIA AMERICANA;Secundaria;Arequipa;PANIURA FERREL VERONICA IRENE;2024-08-13 22:08:27
1572304;Pública de gestión directa;INMACULADA CONCEPCION;Inicial - Jardín;Tiabaya;DELGADO FLORES ELSA DEL ROCIO ;2024-08-21 22:07:01
1674258;Pública de gestión directa;JARDIN DE BLANQUITA;Inicial - Jardín;Cayma;CORNEJO  LLERENA LILIANA EMPERATRIZ;2024-08-21 17:37:35
1775774;Pública de gestión directa;JARDIN DEL COLCA;Primaria;Yura;CONDORI VILCA VICENTE ELEUTERIO;2024-08-17 18:57:38
1705557;Pública de gestión directa;JARDIN DEL COLCA;Inicial - Jardín;Yura;CONDORI VILCA VICENTE ELEUTERIO;2024-08-17 18:57:38
0225383;Pública de gestión directa;JESUS NIÑO;Inicial - Jardín;Tiabaya;CHAVEZ RONDON MARIA JAQUELINE;2024-08-21 15:47:24
1705623;Pública de gestión directa;JORGE CHAVEZ;Inicial - Jardín;Cerro Colorado;VILLARROEL MACHACA LINDSAY GIULIANA;2024-08-20 23:47:11
1272855;Pública de gestión directa;JORGE SANJINEZ LENZ;Primaria;Yura;GARCIA ESCALANTE MIGUEL ANGEL;2024-08-21 14:58:54
0749366;Pública de gestión directa;JORGE SANJINEZ LENZ;Secundaria;Yura;GARCIA ESCALANTE MIGUEL ANGEL;2024-08-21 14:58:54
1396118;Pública de gestión directa;JORGE SANJINEZ LENZ;Inicial - Jardín;Yura;GARCIA ESCALANTE MIGUEL ANGEL;2024-08-21 14:58:54
1798669;Pública de gestión directa;JOSE ABELARDO QUIÑONEZ;Primaria;Yura;AGUILAR HUARACHI JULIA;2024-08-19 20:01:03
1705565;Pública de gestión directa;JOSE ABELARDO QUIÑONEZ;Inicial - Jardín;Yura;AGUILAR HUARACHI JULIA;2024-08-19 20:01:03
0896522;Pública de gestión directa;JOSE CARLOS MARIATEGUI;Inicial - Jardín;Cayma;Valdivia Rondon Veronica Magali;2024-08-21 22:01:33
1371095;Pública de gestión directa;JOSE LUIS BUSTAMANTE Y RIVERO;Secundaria;Cerro Colorado;QUISPE CHAVEZ RENE LUIS;2024-08-14 23:49:08
1705664;Pública de gestión directa;JOSE LUIS BUSTAMANTE Y RIVERO SECTOR II;Inicial - Jardín;Cerro Colorado;PEÑARIENIETA TORRES TULA VIRGINIA;2024-08-20 23:42:13
1705599;Pública de gestión directa;JOSE LUIS BUSTAMANTE Y RIVERO SECTOR III;Inicial - Jardín;Cerro Colorado;ALVAREZ HUALPA DE PULCHA JEZZICA MELINA;2024-08-20 21:50:05
1705649;Pública de gestión directa;JOSE LUIS BUSTAMANTE Y RIVERO SECTOR VII;Inicial - Jardín;Cerro Colorado;CHUGUARIO SALHUA IVANESA MONICA;2024-08-21 21:25:21
1647189;Pública de gestión directa;JOSE MARIA ARGUEDAS;Inicial - Jardín;Cerro Colorado;PAREDES CCORAHUA LIDIA GIOVANA;2024-08-21 12:12:51
1673078;Pública de gestión directa;JOSE MARIA ARGUEDAS;Primaria;Cerro Colorado;PAREDES CCORAHUA LIDIA GIOVANA;2024-08-21 12:12:51
0612762;Pública de gestión directa;JOSE SANTOS ATAHUALPA;Inicial - Jardín;Cerro Colorado;CUTI VIZA MANUELA ROCÍO;2024-08-21 19:10:58
1647239;Pública de gestión directa;JOYITAS DE JESUS;Inicial - Jardín;Cerro Colorado;ELSA QUISPE SOTOMAYOR;2024-08-21 22:17:03
0309302;Pública de gestión directa;JUANA CERVANTES DE BOLOGNESI;Secundaria;Arequipa;CHUCTAYA CARBAJAL GODOFREDO CLEMENTE;2024-08-21 16:15:32
1705656;Pública de gestión directa;LA ESTRELLA DEL CURAL;Inicial - Jardín;Cerro Colorado;MARQUEZ AVILA BRENDA;2024-08-21 00:02:37
1705573;Pública de gestión directa;LA FORTALEZA CHACHANI;Inicial - Jardín;Cerro Colorado;CARDENAS ALEJO MODESTA NANCY;2024-08-21 20:58:03
0225235;Pública de gestión directa;LA LIBERTAD;Inicial - Jardín;Cerro Colorado;Mansilla Pari Ruth María;2024-08-21 20:33:57
0627174;Pública de gestión directa;LA NEGRITA;Inicial - Jardín;Arequipa;ZEA MALLEA BETTY MARLENE;2024-08-21 15:53:08
0540054;Pública de gestión directa;LA TOMILLA;Inicial - Jardín;Cayma;LAZO COLLADO IRENE OTILIA;2024-08-21 19:44:17
0896589;Pública de gestión directa;LA TOMILLA CTE.16;Inicial - Jardín;Cayma;PAREDES SIERRA MARITZA MIROSAVA;2024-08-21 19:26:54
1647213;Pública de gestión directa;LAS ABEJITAS;Inicial - Jardín;Cerro Colorado;GODOY DIAZ HERMELINDA ;2024-08-20 21:21:54
1795210;Pública de gestión directa;LAS FLORES;Primaria;Cerro Colorado;TUMI COA NILTON VICTOR;2024-08-20 22:14:59
1696475;Pública de gestión directa;LAS FLORES;Secundaria;Cerro Colorado;TUMI COA NILTON VICTOR;2024-08-20 22:14:59
1567676;Pública de gestión directa;LAS FLORES - ZONA 5;Inicial - Jardín;Cerro Colorado;ZÚÑIGA CORNEJO, CAROL VIOLETA;2024-08-21 21:08:23
0678565;Pública de gestión directa;LAS MALVINAS;Inicial - Jardín;Cayma;Huacasi Valdivia, Laura Magali;2024-08-20 19:59:20
1647197;Pública de gestión directa;LOS ANGELES DE MARIA;Inicial - Jardín;Uchumayo;QUISPE NIEBLES FLORENCIA;2024-08-21 20:15:08
1764109;Pública de gestión directa;LOS PATITOS;Inicial - Jardín;CERRO COLORADO;GONZALES TALAVERA ARMIT ROMMY;2024-08-20 18:49:12
1674241;Pública de gestión directa;LOS PEQUEÑOS ARBOLITOS;Inicial - Jardín;Cerro Colorado;ARAMAYO RODRIGUEZ CARMEN ESTEFANIA ;2024-08-20 21:50:07
1705698;Pública de gestión directa;LOS RAYOS DEL SOL;Inicial - Jardín;Cayma;ARCE LAZO JAQUELINA LAURA;2024-08-20 18:30:30
0655894;Pública de gestión directa;LUCERITO DE LOS ANGELES;Inicial - Jardín;Yura;ALENCASTRE MENDOZA MIGDALIA;2024-08-21 21:09:46
1797398;Pública de gestión directa;LUCERITOS DE DIOS;Secundaria;Cerro Colorado;LUQUE ZEVALLOS DAYANYRA LIZBETH;2024-08-19 10:20:26
1731355;Pública de gestión directa;LUCERITOS DE DIOS;Primaria;Cerro Colorado;LUQUE ZEVALLOS DAYANYRA LIZBETH;2024-08-19 10:20:26
1674233;Pública de gestión directa;LUCERITOS DE DIOS;Inicial - Jardín;Cerro Colorado;LUQUE ZEVALLOS DAYANYRA LIZBETH;2024-08-19 10:20:26
1674308;Pública de gestión directa;LUCERITOS DEL AMANECER;Inicial - Jardín;Cerro Colorado;MERMA RODRIGUEZ DE RIQUELME LUZ MARINA ;2024-08-21 19:40:28
0723361;Pública de gestión directa;MADRE CORAZON DE MARIA;Técnico Productiva;Tiabaya;Toledo Quiroga Gleny Sonia;2024-08-04 21:11:36
1741644;Pública de gestión directa;MANITOS AMOROSAS;Inicial - Jardín;Cerro Colorado;ESTREMADOYRO BUSTAMANTE RITA ZENAIDA;2024-08-21 19:05:30
1705763;Pública de gestión directa;MANITOS DE XIOMARA;Inicial - Jardín;Uchumayo;QUIROZ LLERENA MARY LUZ;2024-08-21 18:20:00
0538744;Pública de gestión directa;MARISCAL CASTILLA;Inicial - Jardín;Cerro Colorado;UGARTE ARANA KELLY JESSIKA;2024-08-20 16:37:35
0309401;Pública de gestión directa;MAYTA CAPAC;Secundaria;Cayma;campos campos herliy boris;2024-08-21 21:40:56
1335389;Pública de gestión directa;MAYTA CAPAC;Primaria;Cayma;campos campos herliy boris;2024-08-21 21:40:56
1647221;Pública de gestión directa;MI PEQUEÑA LUZ;Inicial - Jardín;Cerro Colorado;CISNEROS TAPULLIMA NICIDA MERCEDES;2024-08-21 18:45:54
1705789;Pública de gestión directa;MI PEQUEÑA MARAVILLA;Inicial - Jardín;Cerro Colorado;LOPEZ CUSI SHIRLEY URSULA;2024-08-21 21:54:14
0309377;Pública de gestión directa;MICAELA BASTIDAS;Secundaria;Arequipa;Pacuala Paucara Jesús;2024-08-21 12:50:43
1705524;Pública de gestión directa;MUJERES CON ESPERANZA;Inicial - Jardín;Cayma;PATIÑO ABREGO MARIA YSABEL;2024-08-17 15:58:19
3868561;Pública de gestión directa;MUNDO DE AMISTAD;Inical No Escolarizado;Cayma;No figura;-
0501262;Pública de gestión directa;NICOLAS DE PIEROLA;Inicial - Jardín;Arequipa;VERA HUACO PILAR EVANGELINA;2024-08-12 22:59:58
1615582;Pública de gestión directa;NIÑOS DE LA ESPERANZA;Inicial - Jardín;Cerro Colorado;POLAR CACERES ELIZABETH YNES;2024-08-21 21:47:16
1615590;Pública de gestión directa;NIÑOS TRIUNFADORES;Inicial - Jardín;Sachaca;CHAMBI LIZARRAGA YESENIA LIZBETH;2024-08-21 22:29:55
1705706;Pública de gestión directa;NUESTRA SEÑORA DE LAS NIEVES;Inicial - Jardín;Yura;SOTO BANEGAS EULOGIA MAURELIA ;2024-08-21 21:28:17
0309310;Pública de gestión directa;NUESTRA SRA. DE LOS DOLORES;Secundaria;Cerro Colorado;APAZA TICONA MARIO ROFOLFO;2024-08-21 17:21:29
1615608;Pública de gestión directa;NUEVA ALBORADA;Inicial - Jardín;Cayma;VERA  PUMA ROSARIO;2024-08-21 20:17:48
0896233;Pública de gestión directa;NUEVA AREQUIPA;Inicial - Jardín;Cerro Colorado;VELARDE PALOMINO PATRICIA;2024-08-21 19:58:41
0723304;Pública de gestión directa;PACHACUTEC VIEJO;Inicial - Jardín;Cerro Colorado;VELASQUEZ ESPINOZA LILIANA JOSEFA ISABEL;2024-08-21 19:26:22
1705797;Pública de gestión directa;PARAISO;Inicial - Jardín;Cerro Colorado;MOLLEPAZA CHURAPA FLORA ELENA;2024-08-14 18:26:05
1674274;Pública de gestión directa;PASTORCITOS;Inicial - Jardín;Cerro Colorado;MANRIQUE  TITO ELIANA VERONICA ;2024-08-21 20:00:49
1735885;Pública de gestión directa;PAUL HARRIS;Básica Especial - Inicial;Cerro Colorado;Moreno  Chavez María Victoria;2024-08-21 18:14:13
0899344;Pública de gestión directa;PAUL HARRIS;Básica Especial - Primaria;Cerro Colorado;Moreno  Chavez María Victoria;2024-08-21 18:14:13
1674209;Pública de gestión directa;PEDRO HUILLCA TECSE;Inicial - Jardín;Cerro Colorado;MORALES ESPEZUA FREYRA KARIN;2024-08-21 00:06:07
1615616;Pública de gestión directa;PIOLIN;Inicial - Jardín;Cerro Colorado;CARRERA HUISA CARMEN SUSANA;2024-08-21 18:08:39
1735448;Pública de gestión directa;POLIVALENTE;Básica Especial - Inicial;Arequipa;SANCHEZ  MIRANDA  RAUL ;2024-06-04 13:24:59
0309138;Pública de gestión directa;POLIVALENTE;Básica Especial - Primaria;Arequipa;SANCHEZ  MIRANDA  RAUL ;2024-06-04 13:24:59
1705755;Pública de gestión directa;PRINCIPES DE LA PAZ;Inicial - Jardín;Cerro Colorado;IMAN MARTINEZ ALICIA JANET;2024-08-04 19:35:14
1031749;Pública de gestión directa;PRITE ALDEA INFANTIL SAGRADA FAMILIA;Básica Especial;Cayma;Aviles Andìa Ivanova;2024-08-21 12:02:12
1032457;Pública de gestión directa;PRITE SEMI RURAL PACHACUTEC;Básica Especial;Cerro Colorado;ROMERO VARGAS EVELIN KARINA;2024-08-20 22:40:51
1363126;Pública de gestión directa;PRITE YURA;Básica Especial;Yura;ZEVALLOS YUCRA GISSELA MARILU;2024-08-21 17:52:13
0225227;Pública de gestión directa;REGINA MUNDI;Inicial - Jardín;Yanahuara;HIDALGO CARPIO Eliana María;2024-08-21 15:34:10
0540153;Pública de gestión directa;REPUBLICA DE MALTA;Inicial - Jardín;Cayma;SANABRIA HINOJOSA MARÍA LUZ;2024-08-14 21:11:49
0472142;Pública de gestión directa;RIO SECO;Inicial - Jardín;Cerro Colorado;MAMANI  ALARCÓN DEYSI PETRONA;2024-08-21 19:29:43
1674225;Pública de gestión directa;SAN ALFONSO MARIA LIGORIO;Inicial - Jardín;Cerro Colorado;AGUILAR CUTIRI DE CUBA RUTH MERY;2024-08-21 22:34:23
1757756;Pública de gestión directa;SAN ALFONSO MARIA LIGORIO;Primaria;CERRO COLORADO;AGUILAR CUTIRI DE CUBA RUTH MERY;2024-08-21 22:34:23
0472266;Pública de gestión directa;SAN BENITO DE PALERMO;Inicial - Jardín;Cayma;MUÑOZ NAJAR PACHECO PATRICIA VICTORIA;2024-08-21 17:20:55
1647171;Pública de gestión directa;SAN GERARDO MARIA MAYELA;Inicial - Jardín;Cerro Colorado;Tejada Inofuente  Zuleyka natali;2024-08-20 21:44:33
1705730;Pública de gestión directa;SAN JUAN;Inicial - Jardín;Tiabaya;TAMATA GALLEGOS JESSICA GRACIELA;2024-08-20 22:02:27
1705714;Pública de gestión directa;SAN MATIAS;Inicial - Jardín;Tiabaya;DÍAZ ALEMAN CARMEN ALEJANDRA;2024-08-21 21:50:22
1705748;Pública de gestión directa;SANTA ANA;Inicial - Jardín;Tiabaya;PHOCO ABARCA KARINA CYNTHIA;2024-08-21 22:25:14
1705722;Pública de gestión directa;SANTA CLARA;Inicial - Jardín;Tiabaya;CHOQUE TAPARA FERNANDA ROSA;2024-08-21 07:43:46
0225425;Pública de gestión directa;SANTA GERTRUDIS;Inicial - Jardín;Sachaca;PAMO CAYTANO MARIA ROSAURA;2024-08-21 09:41:50
0745604;Pública de gestión directa;SANTA MONICA;Inicial - Jardín;Arequipa;FLORES  TORRES MARTHA ELENA;2024-08-21 16:27:13
0225409;Pública de gestión directa;SANTA RITA;Inicial - Jardín;Tiabaya;APARICIO MOLLEAPAZA KATIE;2024-08-21 18:53:22
0225706;Pública de gestión directa;SANTA ROSA DE LIMA;Inicial - Jardín;Yanahuara;PIZARRO MERMA MARITZA;2024-08-21 21:42:23
1674324;Pública de gestión directa;SANTO THOMAS;Inicial - Jardín;Tiabaya;GARCIA  ALFARO ROSALIA RUTH;2024-08-21 19:27:14
0225243;Pública de gestión directa;SEMI RURAL PACHACUTEC;Inicial - Jardín;Cerro Colorado;BALLON TEJADA NANCY LUZVENIA;2024-08-19 14:08:05
1705516;Pública de gestión directa;SOL DE ANDES;Inicial - Jardín;Cayma;BEGAZO SUCLLA NANCY VERÓNICA;2024-08-21 18:23:17
1674340;Pública de gestión directa;SOR ANA - B;Primaria;Cerro Colorado;PANIURA NÚÑEZ ANGELINO RAÚL;2024-08-20 20:04:28
1615624;Pública de gestión directa;SOR ANA - B;Inicial - Jardín;Cerro Colorado;PANIURA NÚÑEZ ANGELINO RAÚL;2024-08-20 20:04:28
1367200;Pública de gestión directa;SOR ANA DE LOS ANGELES DE MONTEAGUDO;Inicial - Jardín;Cerro Colorado;LUQUE HUAQUIPACO NELLY DIANA;2024-08-21 20:15:13
1385152;Pública de gestión directa;SOR ANA DE LOS ANGELES DE MONTEAGUDO;Primaria;Cerro Colorado;LUQUE HUAQUIPACO NELLY DIANA;2024-08-21 20:15:13
0225391;Pública de gestión directa;TIABAYA;Inicial - Jardín;Tiabaya;RODRÍGUEZ MANRIQUE ANA MARÍA;2024-08-20 21:30:09
0627067;Pública de gestión directa;TIO CHICO;Inicial - Jardín;Sachaca;GARCIA PACHECO ROSI GUISEL;2024-08-21 16:38:39
0225250;Pública de gestión directa;TUPAC AMARU;Inicial - Jardín;Cerro Colorado;RIVERA PULLCHS ANA CECILIA;2024-08-21 21:36:15
0619353;Pública de gestión directa;UCHUMAYO;Inicial - Jardín;Uchumayo;CORRALES  YAÑEZ  MEDALITH LIDIA;2024-08-20 22:58:29
1705540;Pública de gestión directa;UPIS LOS MILAGROS;Inicial - Jardín;Yura;MOTA CRUZ LIVIA MODESTA;2024-08-21 20:44:15
1674217;Pública de gestión directa;UPIS LOS MILAGROS ZONA 1;Inicial - Jardín;Yura;Nina Gonzales María Teresa;2024-08-21 21:55:59
1788843;Pública de gestión directa;UPIS LOS MILAGROS ZONA 1;Primaria;Yura;Nina Gonzales María Teresa;2024-08-21 21:55:59
0612796;Pública de gestión directa;VICTOR ANDRES BELAUNDE;Inicial - Jardín;Cerro Colorado;ESTREMADOYRO HERRERA CARMEN MARITZA ELIZABETH;2024-08-19 10:00:59
0225516;Pública de gestión directa;VICTORIA BARCIA BONIFFATTI;Inicial - Jardín;Arequipa;VALDIVIA ASTORGA MARÍA DEL CARMEN;2024-08-14 12:27:37
0770289;Pública de gestión directa;VILLA CONTINENTAL;Inicial - Jardín;Cayma;RAMOS GALLEGOS KAREN MADELEYNE;2024-08-21 22:12:39
1516988;Pública de gestión directa;VILLA DE CRISTO;Inicial - Jardín;Yura;AGUILAR ZEGARRA OFELIA LORENA;2024-08-21 22:09:14
0896944;Pública de gestión directa;VILLA EL TRIUNFO;Inicial - Jardín;Sachaca;Medina  Figueroa Maria Angela;2024-08-21 20:20:58
1116573;Pública de gestión directa;VILLA LAS CANTERAS;Inicial - Jardín;Cerro Colorado;ABARCA ZUÑIGA GINA MARIA LIZABETH;2024-08-20 18:03:29
1365154;Pública de gestión directa;VILLA MAGISTERIAL;Inicial - Jardín;Cerro Colorado;Ramirez Chino VERÓNICA;2024-08-21 22:06:37
1365162;Pública de gestión directa;VILLA MAGISTERIAL;Primaria;Cerro Colorado;Ramirez Chino VERÓNICA;2024-08-21 22:06:37
1374560;Pública de gestión directa;VILLA SAN JUAN;Inicial - Jardín;Cerro Colorado;GÓMEZ SOTO OLGA ASUNTA;2024-08-21 12:36:52
1705631;Pública de gestión directa;VIRGEN DE CHAPI;Inicial - Jardín;Cerro Colorado;CCALLO MONTESIMOS HILDA GLORINDA;2024-08-20 20:57:58
1741636;Pública de gestión directa;VIRGEN DE LAS PEÑAS;Inicial - Jardín;Tiabaya;FLORES AGUILAR LUCHA MERCEDES;2024-08-20 18:38:19
0225698;Pública de gestión directa;YANAHUARA;Inicial - Jardín;Yanahuara;DE LA CUBA VELA PILAR SUSANA;2024-08-21 21:35:12
0502666;Pública de gestión directa;ZAMACOLA;Inicial - Jardín;Cerro Colorado;VALENCIA VILLANUEVAMERCEDES LUPE;2024-08-21 16:21:20
